{"count":1,"self":66.8590656,"total":71.335573,"children":{"InitializeActuators":{"count":2,"self":0.0018679999999999999,"total":0.0018679999999999999,"children":null},"InitializeSensors":{"count":2,"self":0.002548,"total":0.002548,"children":null},"AgentSendState":{"count":3506,"self":0.40715999999999997,"total":0.46222599999999997,"children":{"CollectObservations":{"count":2509,"self":0.022126999999999997,"total":0.022126999999999997,"children":null},"WriteActionMask":{"count":2509,"self":0.0060139999999999994,"total":0.0060139999999999994,"children":null},"RequestDecision":{"count":2509,"self":0.026924999999999998,"total":0.026924999999999998,"children":null}}},"DecideAction":{"count":3506,"self":3.9030831999999998,"total":3.9257429999999998,"children":{"RayPerceptionSensor.Perceive":{"count":2509,"self":0.02266,"total":0.02266,"children":null}}},"AgentAct":{"count":3506,"self":0.083461,"total":0.083461,"children":null}},"gauges":{},"metadata":{"timer_format_version":"0.1.0","start_time_seconds":"1689049412","unity_version":"2021.3.27f1","command_line_arguments":"\/home\/imad\/Unity\/Hub\/Editor\/2021.3.27f1\/Editor\/Unity -projectpath \/home\/imad\/Projects\/Unity\/unity-asteroids-tutorial -useHub -hubIPC -cloudEnvironment production -licensingIpc LicenseClient-imad -hubSessionId 10df74f2-1aac-452d-9a93-99001ebf1abc -accessToken vUlgGl5J2jO_B4RI9Bzkv-t9dX4XY_zlFuB_3mguvKo00af","communication_protocol_version":"1.5.0","com.unity.ml-agents_version":"2.0.1","scene_name":"Asteroids","end_time_seconds":"1689049483"}}